{"location_45.30176_-75.8939648": 0, "osm_node_1520455410": 1, "osm_way_633081406": 2, "osm_way_232675406": 3, "osm_node_1520453682": 4, "osm_node_2400746454": 5, "location_45.3196718_-75.893678": 6}