{
  "total_samples": 13,
  "last_trained": "2026-01-10T20:03:51.328172",
  "epochs_completed": 100,
  "loss_history": [
    39.83141326904297,
    36.627750396728516,
    30.616954803466797,
    36.93982696533203,
    32.83332061767578,
    33.87607192993164,
    33.467079162597656,
    32.912841796875,
    29.396709442138672,
    30.8944034576416,
    31.065082550048828,
    31.59939956665039,
    32.027793884277344,
    35.831932067871094,
    35.02446746826172,
    31.691600799560547,
    26.672428131103516,
    34.747825622558594,
    32.10573959350586,
    35.19784164428711,
    29.758636474609375,
    35.83073806762695,
    29.13616943359375,
    28.154733657836914,
    37.448211669921875,
    29.744823455810547,
    33.57024383544922,
    30.7901611328125,
    28.13970375061035,
    31.162317276000977,
    29.380023956298828,
    33.167659759521484,
    24.61116600036621,
    31.850988388061523,
    29.76495933532715,
    29.226369857788086,
    31.93951416015625,
    34.44646453857422,
    27.461517333984375,
    29.309772491455078,
    32.47083282470703,
    28.23830223083496,
    26.89129066467285,
    28.695632934570312,
    30.2879638671875,
    28.230304718017578,
    27.822906494140625,
    30.30910301208496,
    27.376968383789062,
    24.191364288330078,
    26.320072174072266,
    25.841495513916016,
    29.2370548248291,
    28.71856117248535,
    27.75884437561035,
    28.689722061157227,
    28.7426700592041,
    25.519424438476562,
    27.947711944580078,
    33.00975036621094,
    26.13259506225586,
    30.1910400390625,
    25.50324058532715,
    25.38665199279785,
    27.1695613861084,
    29.620464324951172,
    29.048181533813477,
    30.311687469482422,
    25.927072525024414,
    25.067523956298828,
    28.395965576171875,
    23.41336441040039,
    31.82534408569336,
    25.422122955322266,
    26.826274871826172,
    27.099029541015625,
    22.357261657714844,
    28.874807357788086,
    24.29331398010254,
    24.233768463134766,
    22.868877410888672,
    28.153284072875977,
    25.172481536865234,
    27.87070083618164,
    29.19927406311035,
    27.124095916748047,
    30.43241310119629,
    27.250707626342773,
    30.533096313476562,
    23.46868324279785,
    24.35297203063965,
    22.46210479736328,
    20.84227752685547,
    19.704925537109375,
    24.36288070678711,
    27.602222442626953,
    23.832719802856445,
    23.98565101623535,
    24.86035919189453,
    24.873266220092773
  ],
  "val_loss_history": [
    45.13864517211914,
    44.86309814453125,
    44.58736801147461,
    44.22916030883789,
    43.979034423828125,
    43.68637466430664,
    43.34956359863281,
    43.03415298461914,
    42.785396575927734,
    42.52177810668945,
    42.280029296875,
    42.05570602416992,
    41.82786178588867,
    41.60805892944336,
    41.3880500793457,
    41.203304290771484,
    41.10189437866211,
    40.95629119873047,
    40.85520935058594,
    40.68192672729492,
    40.598533630371094,
    40.49333190917969,
    40.373931884765625,
    40.255733489990234,
    40.1921272277832,
    40.10087966918945,
    40.02494430541992,
    39.89131164550781,
    39.81229782104492,
    39.6937370300293,
    39.561954498291016,
    39.46457290649414,
    39.34757995605469,
    39.2349739074707,
    39.093597412109375,
    38.98042297363281,
    38.898189544677734,
    38.78350067138672,
    38.70986557006836,
    38.622867584228516,
    38.56251907348633,
    38.46598434448242,
    38.44027328491211,
    38.40024185180664,
    38.35135269165039,
    38.268310546875,
    38.1705436706543,
    38.14242935180664,
    38.06302261352539,
    38.01072311401367,
    37.9318733215332,
    37.880592346191406,
    37.807518005371094,
    37.654319763183594,
    37.55842971801758,
    37.49445724487305,
    37.437503814697266,
    37.35562515258789,
    37.326175689697266,
    37.26359939575195,
    37.199459075927734,
    37.08141326904297,
    36.982261657714844,
    36.86793518066406,
    36.79106521606445,
    36.67604446411133,
    36.60649871826172,
    36.503047943115234,
    36.33130645751953,
    36.27061462402344,
    36.21132278442383,
    36.12104415893555,
    35.99911117553711,
    35.881839752197266,
    35.812198638916016,
    35.73466873168945,
    35.64452362060547,
    35.509220123291016,
    35.40591049194336,
    35.32492446899414,
    35.203338623046875,
    35.09368133544922,
    34.97255325317383,
    34.84280014038086,
    34.71373748779297,
    34.568485260009766,
    34.450130462646484,
    34.31723403930664,
    34.20747756958008,
    34.11558151245117,
    34.00556564331055,
    33.90666580200195,
    33.79828643798828,
    33.7364616394043,
    33.569175720214844,
    33.524261474609375,
    33.40620803833008,
    33.25849533081055,
    33.10335922241211,
    33.04666519165039
  ]
}